{
    "signs": [
        {
            "name": "牡羊座 (Aries)",
            "start_age": 0,
            "end_age": 2.19,
            "description": "♈ 男性・活動宮・火: 牡羊座は活力に満ち、果断で勇敢。チャレンジ精神があり、自分の意志をしっかり持っています。リーダーシップがあり、情熱的です。"
        },
        {
            "name": "牡牛座 (Taurus)",
            "start_age": 2.2,
            "end_age": 4.39,
            "description": "♉ 女性・固定宮・地: 牡牛座は忍耐強く、安定を求める性格。物事をじっくりと考え、美を愛し、快適な生活を重視。頑固さもありますが、信念を持って行動します。"
        },
        {
            "name": "双子座 (Gemini)",
            "start_age": 4.4,
            "end_age": 6.59,
            "description": "♊ 男性・柔軟宮・風: 双子座は好奇心旺盛で、コミュニケーション力が高い。知的で機知に富み、変化を楽しむ性格。多趣味で、知識を広げることに喜びを感じます。"
        },
        {
            "name": "蟹座 (Cancer)",
            "start_age": 6.6,
            "end_age": 8.79,
            "description": "♋ 女性・活動宮・水: 蟹座は家庭を愛し、感情豊か。面倒見が良く、家族や友人を大切にします。繊細で優しいが、自己防衛のために時々甲羅に隠れます。"
        },
        {
            "name": "獅子座 (Leo)",
            "start_age": 8.8,
            "end_age": 10.99,
            "description": "♌ 男性・固定宮・火: 獅子座は自信に満ち、誇り高い。情熱的で創造力があり、周囲を引きつける魅力を持っています。リーダーシップがあり、正義感が強い。"
        },
        {
            "name": "乙女座 (Virgo)",
            "start_age": 11,
            "end_age": 13.19,
            "description": "♍ 女性・柔軟宮・地: 乙女座は分析力が高く、細部にこだわる性格。緻密で真面目なので、物事を計画的に進めます。努力家であり、自己改善に励む姿勢があります。批判的な一面も持ち合わせています。"
        },
        {
            "name": "天秤座 (Libra)",
            "start_age": 13.2,
            "end_age": 15.39,
            "description": "♎ 男性・活動宮・風: 天秤座は調和を重んじ、公平な判断力を持っています。社交的で人間関係を大切にし、美や芸術に興味を持つことが多い。時に優柔不断な一面も。"
        },
        {
            "name": "蠍座 (Scorpio)",
            "start_age": 15.4,
            "end_age": 17.59,
            "description": "♏ 女性・固定宮・水: 蠍座は情熱的でありながら、内省的で神秘的。感情の起伏が激しく、決して表に出さない深い情感を持っています。復讐心や執着心が強い一面も。"
        },
        {
            "name": "射手座 (Sagittarius)",
            "start_age": 17.6,
            "end_age": 19.79,
            "description": "♐ 男性・柔軟宮・火: 射手座は自由を愛し、冒険心が旺盛。楽観主義で、物事に対してポジティブな考えを持ちます。哲学や宗教に興味があり、広い視野を持っています。"
        },
        {
            "name": "山羊座 (Capricorn)",
            "start_age": 19.8,
            "end_age": 21.99,
            "description": "♑ 女性・活動宮・地: 山羊座は堅実で実直な性格。目標に向かって努力し、物事を計画的に進めます。責任感が強く、現実主義者。時に冷静さゆえに感情を抑えがち。"
        },
        {
            "name": "水瓶座 (Aquarius)",
            "start_age": 22,
            "end_age": 24.19,
            "description": "♒ 男性・固定宮・風: 水瓶座は独創的で革新的。他人とは違う発想力を持ち、新しい考えを受け入れます。友達思いでありながら個人主義者。時に独立心が強すぎる一面も。"
        },
        {
            "name": "魚座 (Pisces)",
            "start_age": 24.2,
            "end_age": 26.39,
            "description": "♓ 女性・柔軟宮・水: 魚座は感受性が強く、直感力に優れています。繊細で優しく、他人の気持ちに寄り添いやすい。夢想家であり、現実逃避の一面も。創造力が豊かです。"
        }
    ]
}